date,year,month,anomaly
1970-01,1970,1,0.2
1970-02,1970,2,-0.05
1970-03,1970,3,0.04
1970-04,1970,4,0.17
1970-05,1970,5,-0.12
1970-06,1970,6,-0.42
1970-07,1970,7,-0.65
1970-08,1970,8,-0.88
1970-09,1970,9,-1.04
1970-10,1970,10,-0.89
1970-11,1970,11,-0.96
1970-12,1970,12,-1.18
1971-01,1971,1,-1.71
1971-02,1971,2,-1.46
1971-03,1971,3,-1.3
1971-04,1971,4,-0.94
1971-05,1971,5,-0.92
1971-06,1971,6,-1.04
1971-07,1971,7,-0.9
1971-08,1971,8,-0.93
1971-09,1971,9,-1.05
1971-10,1971,10,-1.05
1971-11,1971,11,-0.92
1971-12,1971,12,-0.86
1972-01,1972,1,-0.68
1972-02,1972,2,-0.2
1972-03,1972,3,-0.16
1972-04,1972,4,0.2
1972-05,1972,5,0.23
1972-06,1972,6,0.41
1972-07,1972,7,0.64
1972-08,1972,8,0.73
1972-09,1972,9,0.76
1972-10,1972,10,1.12
1972-11,1972,11,1.3
1972-12,1972,12,1.26
1973-01,1973,1,1.09
1973-02,1973,2,0.91
1973-03,1973,3,0.39
1973-04,1973,4,-0.39
1973-05,1973,5,-0.64
1973-06,1973,6,-0.92
1973-07,1973,7,-1.13
1973-08,1973,8,-1.24
1973-09,1973,9,-1.43
1973-10,1973,10,-1.6
1973-11,1973,11,-2.05
1973-12,1973,12,-2.18
1974-01,1974,1,-2.04
1974-02,1974,2,-1.6
1974-03,1974,3,-1.38
1974-04,1974,4,-1.11
1974-05,1974,5,-1.08
1974-06,1974,6,-0.61
1974-07,1974,7,-0.96
1974-08,1974,8,-0.57
1974-09,1974,9,-0.67
1974-10,1974,10,-1.08
1974-11,1974,11,-1.11
1974-12,1974,12,-0.97
1975-01,1975,1,-0.58
1975-02,1975,2,-0.57
1975-03,1975,3,-0.87
1975-04,1975,4,-0.75
1975-05,1975,5,-0.98
1975-06,1975,6,-1.33
1975-07,1975,7,-1.21
1975-08,1975,8,-1.47
1975-09,1975,9,-1.69
1975-10,1975,10,-1.72
1975-11,1975,11,-1.51
1975-12,1975,12,-1.97
1976-01,1976,1,-1.74
1976-02,1976,2,-1.04
1976-03,1976,3,-0.83
1976-04,1976,4,-0.59
1976-05,1976,5,-0.61
1976-06,1976,6,-0.3
1976-07,1976,7,-0.1
1976-08,1976,8,-0.01
1976-09,1976,9,0.16
1976-10,1976,10,0.52
1976-11,1976,11,0.66
1976-12,1976,12,0.36
1977-01,1977,1,0.57
1977-02,1977,2,0.25
1977-03,1977,3,0.18
1977-04,1977,4,-0.23
1977-05,1977,5,-0.16
1977-06,1977,6,0.23
1977-07,1977,7,0.37
1977-08,1977,8,-0.01
1977-09,1977,9,0.26
1977-10,1977,10,0.59
1977-11,1977,11,0.61
1977-12,1977,12,0.61
1978-01,1978,1,0.52
1978-02,1978,2,0.31
1978-03,1978,3,0.02
1978-04,1978,4,-0.49
1978-05,1978,5,-0.35
1978-06,1978,6,-0.47
1978-07,1978,7,-0.33
1978-08,1978,8,-0.77
1978-09,1978,9,-0.45
1978-10,1978,10,-0.44
1978-11,1978,11,-0.2
1978-12,1978,12,0.09
1979-01,1979,1,0.05
1979-02,1979,2,0.05
1979-03,1979,3,0.07
1979-04,1979,4,0.05
1979-05,1979,5,-0.06
1979-06,1979,6,-0.05
1979-07,1979,7,-0.13
1979-08,1979,8,-0.2
1979-09,1979,9,0.17
1979-10,1979,10,0.04
1979-11,1979,11,0.33
1979-12,1979,12,0.48
1980-01,1980,1,0.44
1980-02,1980,2,0.35
1980-03,1980,3,0.18
1980-04,1980,4,0.13
1980-05,1980,5,0.23
1980-06,1980,6,0.3
1980-07,1980,7,0.1
1980-08,1980,8,-0.35
1980-09,1980,9,-0.36
1980-10,1980,10,-0.2
1980-11,1980,11,0.08
1980-12,1980,12,0.1
1981-01,1981,1,-0.45
1981-02,1981,2,-0.42
1981-03,1981,3,-0.11
1981-04,1981,4,-0.57
1981-05,1981,5,-0.29
1981-06,1981,6,-0.33
1981-07,1981,7,-0.55
1981-08,1981,8,-0.39
1981-09,1981,9,-0.22
1981-10,1981,10,-0.16
1981-11,1981,11,-0.42
1981-12,1981,12,-0.12
1982-01,1982,1,0.07
1982-02,1982,2,-0.13
1982-03,1982,3,0.03
1982-04,1982,4,0.26
1982-05,1982,5,0.53
1982-06,1982,6,0.8
1982-07,1982,7,0.34
1982-08,1982,8,0.44
1982-09,1982,9,1.04
1982-10,1982,10,1.48
1982-11,1982,11,1.4
1982-12,1982,12,1.61
1983-01,1983,1,1.68
1983-02,1983,2,1.48
1983-03,1983,3,1.15
1983-04,1983,4,0.66
1983-05,1983,5,0.68
1983-06,1983,6,0.41
1983-07,1983,7,-0.13
1983-08,1983,8,-0.23
1983-09,1983,9,-0.51
1983-10,1983,10,-1.08
1983-11,1983,11,-1.04
1983-12,1983,12,-0.77
1984-01,1984,1,-0.79
1984-02,1984,2,-0.47
1984-03,1984,3,-0.6
1984-04,1984,4,-0.66
1984-05,1984,5,-0.69
1984-06,1984,6,-0.82
1984-07,1984,7,-0.54
1984-08,1984,8,-0.46
1984-09,1984,9,-0.41
1984-10,1984,10,-0.74
1984-11,1984,11,-0.97
1984-12,1984,12,-1.21
1985-01,1985,1,-0.8
1985-02,1985,2,-0.83
1985-03,1985,3,-0.88
1985-04,1985,4,-1.01
1985-05,1985,5,-0.88
1985-06,1985,6,-0.85
1985-07,1985,7,-0.49
1985-08,1985,8,-0.46
1985-09,1985,9,-0.47
1985-10,1985,10,-0.4
1985-11,1985,11,-0.29
1985-12,1985,12,-0.25
1986-01,1986,1,-0.5
1986-02,1986,2,-0.32
1986-03,1986,3,-0.3
1986-04,1986,4,-0.29
1986-05,1986,5,-0.22
1986-06,1986,6,-0.06
1986-07,1986,7,0.13
1986-08,1986,8,0.33
1986-09,1986,9,0.51
1986-10,1986,10,0.52
1986-11,1986,11,1.01
1986-12,1986,12,0.94
1987-01,1987,1,0.84
1987-02,1987,2,0.9
1987-03,1987,3,0.87
1987-04,1987,4,0.59
1987-05,1987,5,0.63
1987-06,1987,6,0.84
1987-07,1987,7,0.98
1987-08,1987,8,1.05
1987-09,1987,9,1.18
1987-10,1987,10,1.15
1987-11,1987,11,1.08
1987-12,1987,12,0.89
1988-01,1988,1,0.74
1988-02,1988,2,0.15
1988-03,1988,3,0.1
1988-04,1988,4,-0.45
1988-05,1988,5,-1.09
1988-06,1988,6,-1.35
1988-07,1988,7,-1.28
1988-08,1988,8,-1.1
1988-09,1988,9,-1.02
1988-10,1988,10,-1.72
1988-11,1988,11,-1.89
1988-12,1988,12,-1.75
1989-01,1989,1,-1.81
1989-02,1989,2,-1.36
1989-03,1989,3,-1.11
1989-04,1989,4,-1.04
1989-05,1989,5,-0.72
1989-06,1989,6,-0.57
1989-07,1989,7,-0.52
1989-08,1989,8,-0.73
1989-09,1989,9,-0.38
1989-10,1989,10,-0.35
1989-11,1989,11,-0.45
1989-12,1989,12,0.07
1990-01,1990,1,-0.01
1990-02,1990,2,0.35
1990-03,1990,3,0.12
1990-04,1990,4,0.27
1990-05,1990,5,0.15
1990-06,1990,6,0.02
1990-07,1990,7,0.27
1990-08,1990,8,0.22
1990-09,1990,9,0.22
1990-10,1990,10,0.31
1990-11,1990,11,0.22
1990-12,1990,12,0.37
1991-01,1991,1,0.58
1991-02,1991,2,0.41
1991-03,1991,3,0.24
1991-04,1991,4,0.45
1991-05,1991,5,0.45
1991-06,1991,6,0.59
1991-07,1991,7,0.7
1991-08,1991,8,0.73
1991-09,1991,9,0.42
1991-10,1991,10,0.89
1991-11,1991,11,1.06
1991-12,1991,12,1.27
1992-01,1992,1,1.34
1992-02,1992,2,1.32
1992-03,1992,3,1.19
1992-04,1992,4,1.17
1992-05,1992,5,0.97
1992-06,1992,6,0.57
1992-07,1992,7,0.37
1992-08,1992,8,0.09
1992-09,1992,9,-0.03
1992-10,1992,10,-0.17
1992-11,1992,11,-0.06
1992-12,1992,12,-0.0
1993-01,1993,1,0.35
1993-02,1993,2,0.43
1993-03,1993,3,0.36
1993-04,1993,4,0.63
1993-05,1993,5,0.86
1993-06,1993,6,0.39
1993-07,1993,7,0.2
1993-08,1993,8,0.26
1993-09,1993,9,0.33
1993-10,1993,10,0.22
1993-11,1993,11,0.29
1993-12,1993,12,0.34
1994-01,1994,1,0.22
1994-02,1994,2,-0.09
1994-03,1994,3,0.13
1994-04,1994,4,0.21
1994-05,1994,5,0.25
1994-06,1994,6,0.32
1994-07,1994,7,0.38
1994-08,1994,8,0.51
1994-09,1994,9,0.38
1994-10,1994,10,0.78
1994-11,1994,11,0.97
1994-12,1994,12,1.08
1995-01,1995,1,0.84
1995-02,1995,2,0.8
1995-03,1995,3,0.52
1995-04,1995,4,0.32
1995-05,1995,5,0.12
1995-06,1995,6,0.02
1995-07,1995,7,-0.03
1995-08,1995,8,-0.49
1995-09,1995,9,-0.63
1995-10,1995,10,-0.75
1995-11,1995,11,-0.88
1995-12,1995,12,-0.77
1996-01,1996,1,-0.68
1996-02,1996,2,-0.65
1996-03,1996,3,-0.5
1996-04,1996,4,-0.31
1996-05,1996,5,-0.25
1996-06,1996,6,-0.26
1996-07,1996,7,-0.31
1996-08,1996,8,-0.2
1996-09,1996,9,-0.33
1996-10,1996,10,-0.27
1996-11,1996,11,-0.19
1996-12,1996,12,-0.39
1997-01,1997,1,-0.25
1997-02,1997,2,-0.08
1997-03,1997,3,0.05
1997-04,1997,4,0.44
1997-05,1997,5,0.72
1997-06,1997,6,0.91
1997-07,1997,7,1.21
1997-08,1997,8,1.4
1997-09,1997,9,1.63
1997-10,1997,10,1.69
1997-11,1997,11,1.85
1997-12,1997,12,1.78
1998-01,1998,1,1.81
1998-02,1998,2,1.53
1998-03,1998,3,1.06
1998-04,1998,4,0.55
1998-05,1998,5,0.59
1998-06,1998,6,-0.44
1998-07,1998,7,-0.53
1998-08,1998,8,-0.74
1998-09,1998,9,-0.97
1998-10,1998,10,-1.16
1998-11,1998,11,-1.08
1998-12,1998,12,-1.45
1999-01,1999,1,-1.68
1999-02,1999,2,-1.28
1999-03,1999,3,-0.9
1999-04,1999,4,-0.71
1999-05,1999,5,-0.78
1999-06,1999,6,-0.76
1999-07,1999,7,-0.89
1999-08,1999,8,-1.02
1999-09,1999,9,-0.87
1999-10,1999,10,-0.95
1999-11,1999,11,-1.33
1999-12,1999,12,-1.43
2000-01,2000,1,-1.41
2000-02,2000,2,-1.26
2000-03,2000,3,-1.07
2000-04,2000,4,-0.81
2000-05,2000,5,-0.84
2000-06,2000,6,-0.55
2000-07,2000,7,-0.54
2000-08,2000,8,-0.35
2000-09,2000,9,-0.33
2000-10,2000,10,-0.56
2000-11,2000,11,-0.61
2000-12,2000,12,-0.89
2001-01,2001,1,-0.74
2001-02,2001,2,-0.7
2001-03,2001,3,-0.39
2001-04,2001,4,-0.26
2001-05,2001,5,-0.14
2001-06,2001,6,0.0
2001-07,2001,7,0.13
2001-08,2001,8,0.07
2001-09,2001,9,-0.04
2001-10,2001,10,0.13
2001-11,2001,11,-0.11
2001-12,2001,12,-0.27
2002-01,2002,1,0.01
2002-02,2002,2,0.15
2002-03,2002,3,0.22
2002-04,2002,4,0.28
2002-05,2002,5,0.4
2002-06,2002,6,0.65
2002-07,2002,7,0.66
2002-08,2002,8,0.67
2002-09,2002,9,0.81
2002-10,2002,10,0.93
2002-11,2002,11,1.2
2002-12,2002,12,1.25
2003-01,2003,1,0.58
2003-02,2003,2,0.68
2003-03,2003,3,0.54
2003-04,2003,4,0.22
2003-05,2003,5,-0.26
2003-06,2003,6,0.12
2003-07,2003,7,0.26
2003-08,2003,8,0.3
2003-09,2003,9,0.21
2003-10,2003,10,0.49
2003-11,2003,11,0.44
2003-12,2003,12,0.43
2004-01,2004,1,0.43
2004-02,2004,2,0.36
2004-03,2004,3,0.07
2004-04,2004,4,0.24
2004-05,2004,5,0.19
2004-06,2004,6,0.27
2004-07,2004,7,0.57
2004-08,2004,8,0.65
2004-09,2004,9,0.67
2004-10,2004,10,0.74
2004-11,2004,11,0.83
2004-12,2004,12,0.82
2005-01,2005,1,0.77
2005-02,2005,2,0.48
2005-03,2005,3,0.55
2005-04,2005,4,0.4
2005-05,2005,5,0.33
2005-06,2005,6,0.27
2005-07,2005,7,-0.02
2005-08,2005,8,0.07
2005-09,2005,9,0.05
2005-10,2005,10,0.1
2005-11,2005,11,-0.26
2005-12,2005,12,-0.65
2006-01,2006,1,-0.69
2006-02,2006,2,-0.63
2006-03,2006,3,-0.62
2006-04,2006,4,-0.14
2006-05,2006,5,0.02
2006-06,2006,6,0.19
2006-07,2006,7,0.26
2006-08,2006,8,0.51
2006-09,2006,9,0.66
2006-10,2006,10,0.76
2006-11,2006,11,0.99
2006-12,2006,12,1.08
2007-01,2007,1,0.69
2007-02,2007,2,0.27
2007-03,2007,3,0.06
2007-04,2007,4,-0.01
2007-05,2007,5,-0.23
2007-06,2007,6,-0.02
2007-07,2007,7,-0.24
2007-08,2007,8,-0.53
2007-09,2007,9,-0.9
2007-10,2007,10,-1.07
2007-11,2007,11,-1.36
2007-12,2007,12,-1.42
2008-01,2008,1,-1.6
2008-02,2008,2,-1.64
2008-03,2008,3,-1.14
2008-04,2008,4,-0.89
2008-05,2008,5,-0.75
2008-06,2008,6,-0.55
2008-07,2008,7,-0.17
2008-08,2008,8,-0.15
2008-09,2008,9,-0.29
2008-10,2008,10,-0.27
2008-11,2008,11,-0.39
2008-12,2008,12,-0.74
2009-01,2009,1,-0.86
2009-02,2009,2,-0.65
2009-03,2009,3,-0.58
2009-04,2009,4,-0.15
2009-05,2009,5,0.22
2009-06,2009,6,0.54
2009-07,2009,7,0.6
2009-08,2009,8,0.61
2009-09,2009,9,0.63
2009-10,2009,10,0.97
2009-11,2009,11,1.38
2009-12,2009,12,1.59
2010-01,2010,1,1.33
2010-02,2010,2,1.2
2010-03,2010,3,0.93
2010-04,2010,4,0.59
2010-05,2010,5,0.0
2010-06,2010,6,-0.38
2010-07,2010,7,-0.8
2010-08,2010,8,-1.08
2010-09,2010,9,-1.34
2010-10,2010,10,-1.49
2010-11,2010,11,-1.39
2010-12,2010,12,-1.43
2011-01,2011,1,-1.4
2011-02,2011,2,-1.07
2011-03,2011,3,-0.79
2011-04,2011,4,-0.65
2011-05,2011,5,-0.46
2011-06,2011,6,-0.21
2011-07,2011,7,-0.18
2011-08,2011,8,-0.56
2011-09,2011,9,-0.69
2011-10,2011,10,-0.9
2011-11,2011,11,-0.92
2011-12,2011,12,-0.99
2012-01,2012,1,-0.91
2012-02,2012,2,-0.64
2012-03,2012,3,-0.53
2012-04,2012,4,-0.29
2012-05,2012,5,-0.21
2012-06,2012,6,0.05
2012-07,2012,7,0.23
2012-08,2012,8,0.45
2012-09,2012,9,0.29
2012-10,2012,10,0.26
2012-11,2012,11,0.33
2012-12,2012,12,-0.01
2013-01,2013,1,-0.3
2013-02,2013,2,-0.37
2013-03,2013,3,-0.23
2013-04,2013,4,-0.09
2013-05,2013,5,-0.25
2013-06,2013,6,-0.28
2013-07,2013,7,-0.23
2013-08,2013,8,-0.34
2013-09,2013,9,-0.1
2013-10,2013,10,-0.15
2013-11,2013,11,0.12
2013-12,2013,12,-0.16
2014-01,2014,1,-0.25
2014-02,2014,2,-0.23
2014-03,2014,3,0.12
2014-04,2014,4,0.44
2014-05,2014,5,0.53
2014-06,2014,6,0.41
2014-07,2014,7,0.13
2014-08,2014,8,0.15
2014-09,2014,9,0.31
2014-10,2014,10,0.45
2014-11,2014,11,0.84
2014-12,2014,12,0.78
2015-01,2015,1,0.63
2015-02,2015,2,0.67
2015-03,2015,3,0.74
2015-04,2015,4,1.07
2015-05,2015,5,1.1
2015-06,2015,6,1.23
2015-07,2015,7,1.35
2015-08,2015,8,1.49
2015-09,2015,9,1.67
2015-10,2015,10,1.91
2015-11,2015,11,2.21
2015-12,2015,12,2.13
2016-01,2016,1,2.13
2016-02,2016,2,1.87
2016-03,2016,3,1.5
2016-04,2016,4,1.08
2016-05,2016,5,0.63
2016-06,2016,6,0.37
2016-07,2016,7,0.01
2016-08,2016,8,-0.1
2016-09,2016,9,-0.21
2016-10,2016,10,-0.39
2016-11,2016,11,-0.37
2016-12,2016,12,-0.17
2017-01,2017,1,-0.23
2017-02,2017,2,0.22
2017-03,2017,3,0.18
2017-04,2017,4,0.35
2017-05,2017,5,0.4
2017-06,2017,6,0.45
2017-07,2017,7,0.38
2017-08,2017,8,0.05
2017-09,2017,9,-0.2
2017-10,2017,10,-0.12
2017-11,2017,11,-0.44
2017-12,2017,12,-0.65
2018-01,2018,1,-0.64
2018-02,2018,2,-0.48
2018-03,2018,3,-0.49
2018-04,2018,4,-0.11
2018-05,2018,5,0.18
2018-06,2018,6,0.31
2018-07,2018,7,0.39
2018-08,2018,8,0.35
2018-09,2018,9,0.5
2018-10,2018,10,1.01
2018-11,2018,11,1.15
2018-12,2018,12,1.1
2019-01,2019,1,0.88
2019-02,2019,2,0.87
2019-03,2019,3,0.92
2019-04,2019,4,0.82
2019-05,2019,5,0.83
2019-06,2019,6,0.8
2019-07,2019,7,0.65
2019-08,2019,8,0.35
2019-09,2019,9,0.18
2019-10,2019,10,0.78
2019-11,2019,11,0.82
2019-12,2019,12,0.73
2020-01,2020,1,0.84
2020-02,2020,2,0.67
2020-03,2020,3,0.65
2020-04,2020,4,0.66
2020-05,2020,5,0.05
2020-06,2020,6,-0.05
2020-07,2020,7,0.08
2020-08,2020,8,-0.29
2020-09,2020,9,-0.66
2020-10,2020,10,-0.9
2020-11,2020,11,-0.89
2020-12,2020,12,-1.02
2021-01,2021,1,-1.12
2021-02,2021,2,-1.0
2021-03,2021,3,-0.64
2021-04,2021,4,-0.47
2021-05,2021,5,-0.25
2021-06,2021,6,-0.03
2021-07,2021,7,-0.18
2021-08,2021,8,-0.36
2021-09,2021,9,-0.49
2021-10,2021,10,-0.74
2021-11,2021,11,-0.69
2021-12,2021,12,-0.89
2022-01,2022,1,-0.56
2022-02,2022,2,-0.55
2022-03,2022,3,-0.67
2022-04,2022,4,-0.74
2022-05,2022,5,-0.78
2022-06,2022,6,-0.52
2022-07,2022,7,-0.5
2022-08,2022,8,-0.8
2022-09,2022,9,-0.93
2022-10,2022,10,-0.83
2022-11,2022,11,-0.74
2022-12,2022,12,-0.63
2023-01,2023,1,-0.57
2023-02,2023,2,-0.47
2023-03,2023,3,-0.08
2023-04,2023,4,0.25
2023-05,2023,5,0.49
2023-06,2023,6,0.86
2023-07,2023,7,0.97
2023-08,2023,8,1.2
2023-09,2023,9,1.41
2023-10,2023,10,1.51
2023-11,2023,11,1.86
2023-12,2023,12,1.76
2024-01,2024,1,1.64
2024-02,2024,2,1.39
2024-03,2024,3,1.04
2024-04,2024,4,0.98
2024-05,2024,5,0.5
2024-06,2024,6,0.37
2024-07,2024,7,0.4
2024-08,2024,8,0.19
2024-09,2024,9,-0.1
2024-10,2024,10,-0.01
2024-11,2024,11,-0.03
2024-12,2024,12,-0.52
2025-01,2025,1,-0.64
2025-02,2025,2,-0.42
2025-03,2025,3,0.04
2025-04,2025,4,-0.05
2025-05,2025,5,0.07
2025-06,2025,6,0.15
2025-07,2025,7,0.14
2025-08,2025,8,-0.15
2025-09,2025,9,-0.32
2025-10,2025,10,-0.42
2025-11,2025,11,-0.54
2025-12,2025,12,-0.39
2026-01,2026,1,-0.4
2026-02,2026,2,-0.02
2026-03,2026,3,0.22
2026-04,2026,4,0.74
2026-05,2026,5,1.09
2026-06,2026,6,1.58
2026-07,2026,7,1.73
